readingId,readingDate,readingHertz,headPsi,tempCelsius
0,7/7/2010 14:01,2956.778,2956.778,13.44239
1,7/7/2010 15:01,2956.752,2956.752,13.46655
2,7/7/2010 16:01,2956.804,2956.804,13.45923
3,7/7/2010 17:01,2956.857,2956.857,13.45484
4,7/7/2010 18:01,2956.857,2956.857,13.44946
5,7/7/2010 19:01,2956.918,2956.918,13.44727
6,7/7/2010 20:01,2956.918,2956.918,13.44727
7,7/7/2010 21:01,2956.962,2956.962,13.44483
8,7/7/2010 22:01,2956.97,2956.97,13.44946
9,7/7/2010 23:01,2956.962,2956.962,13.44946
10,7/8/2010 0:01,2956.988,2956.988,13.45435
11,7/8/2010 1:01,2956.988,2956.988,13.45435
12,7/8/2010 2:01,2957.005,2957.005,13.45703
13,7/8/2010 3:01,2956.996,2956.996,13.45972
14,7/8/2010 4:01,2957.014,2957.014,13.46655
15,7/8/2010 5:01,2957.04,2957.04,13.46655
16,7/8/2010 6:01,2957.032,2957.032,13.46655
17,7/8/2010 7:01,2957.023,2957.023,13.469
18,7/8/2010 8:01,2957.058,2957.058,13.46411
19,7/8/2010 9:01,2957.058,2957.058,13.46167
20,7/8/2010 10:01,2957.067,2957.067,13.45923
21,7/8/2010 11:01,2957.093,2957.093,13.45972
22,7/8/2010 12:01,2957.093,2957.093,13.45435
23,7/8/2010 13:01,2957.11,2957.11,13.45215
24,7/8/2010 14:01,2957.119,2957.119,13.44946
25,7/8/2010 15:01,2957.136,2957.136,13.45215
26,7/8/2010 16:01,2957.163,2957.163,13.45166
27,7/8/2010 17:01,2957.172,2957.172,13.45435
28,7/8/2010 18:01,2957.198,2957.198,13.45972
29,7/8/2010 19:01,2957.215,2957.215,13.46216
30,7/8/2010 20:01,2957.224,2957.224,13.46485
31,7/8/2010 21:01,2957.224,2957.224,13.45435
32,7/8/2010 22:01,2957.268,2957.268,13.45215
33,7/8/2010 23:01,2957.25,2957.25,13.45239
34,7/9/2010 0:01,2957.268,2957.268,13.45239
35,7/9/2010 1:01,2957.268,2957.268,13.45484
36,7/9/2010 2:01,2957.268,2957.268,13.45215
37,7/9/2010 3:01,2957.276,2957.276,13.45435
38,7/9/2010 4:01,2957.276,2957.276,13.45435
39,7/9/2010 5:01,2957.268,2957.268,13.45703
40,7/9/2010 6:01,2957.294,2957.294,13.45923
41,7/9/2010 7:01,2957.259,2957.259,13.46167
42,7/9/2010 8:01,2957.303,2957.303,13.46216
43,7/9/2010 9:01,2957.303,2957.303,13.46216
44,7/9/2010 10:01,2957.32,2957.32,13.45703
45,7/9/2010 11:01,2957.303,2957.303,13.45435
46,7/9/2010 12:01,2957.346,2957.346,13.45435
47,7/9/2010 13:01,2957.381,2957.381,13.45484
48,7/9/2010 14:01,2957.381,2957.381,13.44727
49,7/9/2010 15:01,2957.39,2957.39,13.44946
50,7/9/2010 16:01,2957.416,2957.416,13.45215
51,7/9/2010 17:01,2957.434,2957.434,13.45215
52,7/9/2010 18:01,2957.46,2957.46,13.44946
53,7/9/2010 19:01,2957.486,2957.486,13.44946
54,7/9/2010 20:01,2957.521,2957.521,13.44751
55,7/9/2010 21:01,2957.521,2957.521,13.44507
56,7/9/2010 22:01,2957.539,2957.539,13.43994
57,7/9/2010 23:01,2957.521,2957.521,13.44263
58,7/10/2010 0:01,2957.53,2957.53,13.44263
59,7/10/2010 1:01,2957.53,2957.53,13.43994
60,7/10/2010 2:01,2957.556,2957.556,13.44239
61,7/10/2010 3:01,2957.556,2957.556,13.44239
62,7/10/2010 4:01,2957.548,2957.548,13.45239
63,7/10/2010 5:01,2957.556,2957.556,13.44946
64,7/10/2010 6:01,2957.565,2957.565,13.45703
65,7/10/2010 7:01,2957.565,2957.565,13.44946
66,7/10/2010 8:01,2957.6,2957.6,13.45239
67,7/10/2010 9:01,2957.591,2957.591,13.44483
68,7/10/2010 10:01,2957.6,2957.6,13.44507
69,7/10/2010 11:01,2957.609,2957.609,13.44507
70,7/10/2010 12:01,2957.618,2957.618,13.44727
71,7/10/2010 13:01,2957.635,2957.635,13.44727
72,7/10/2010 14:01,2957.661,2957.661,13.44751
73,7/10/2010 15:01,2957.661,2957.661,13.44946
74,7/10/2010 16:01,2957.679,2957.679,13.45435
75,7/10/2010 17:01,2957.714,2957.714,13.46167
76,7/10/2010 18:01,2957.731,2957.731,13.4668
77,7/10/2010 19:01,2957.731,2957.731,13.45972
78,7/10/2010 20:01,2957.758,2957.758,13.44751
79,7/10/2010 21:01,2957.784,2957.784,13.44995
80,7/10/2010 22:01,2957.775,2957.775,13.44751
81,7/10/2010 23:01,2957.775,2957.775,13.44751
82,7/11/2010 0:01,2957.801,2957.801,13.44727
83,7/11/2010 1:01,2957.801,2957.801,13.44483
84,7/11/2010 2:01,2957.801,2957.801,13.44239
85,7/11/2010 3:01,2957.81,2957.81,13.44507
86,7/11/2010 4:01,2957.828,2957.828,13.44995
87,7/11/2010 5:01,2957.836,2957.836,13.44727
88,7/11/2010 6:01,2957.845,2957.845,13.44727
89,7/11/2010 7:01,2957.871,2957.871,13.44946
90,7/11/2010 8:01,2957.854,2957.854,13.45239
91,7/11/2010 9:01,2957.871,2957.871,13.44751
92,7/11/2010 10:01,2957.88,2957.88,13.43994
93,7/11/2010 11:01,2957.871,2957.871,13.4375
94,7/11/2010 12:01,2957.88,2957.88,13.44019
95,7/11/2010 13:01,2957.924,2957.924,13.43775
96,7/11/2010 14:01,2957.924,2957.924,13.43506
97,7/11/2010 15:01,2957.959,2957.959,13.44507
98,7/11/2010 16:01,2957.959,2957.959,13.44751
99,7/11/2010 17:01,2957.976,2957.976,13.45484
100,7/11/2010 18:01,2958.002,2958.002,13.45728
101,7/11/2010 19:01,2957.994,2957.994,13.44727
102,7/11/2010 20:01,2958.02,2958.02,13.44507
103,7/11/2010 21:01,2958.02,2958.02,13.43775
104,7/11/2010 22:01,2958.029,2958.029,13.43775
105,7/11/2010 23:01,2958.055,2958.055,13.43994
106,7/12/2010 0:01,2958.037,2958.037,13.44751
107,7/12/2010 1:01,2958.046,2958.046,13.44946
108,7/12/2010 2:01,2958.064,2958.064,13.45435
109,7/12/2010 3:01,2958.072,2958.072,13.45923
110,7/12/2010 4:01,2958.072,2958.072,13.469
111,7/12/2010 5:01,2958.081,2958.081,13.47876
112,7/12/2010 6:01,2958.072,2958.072,13.47876
113,7/12/2010 7:01,2958.099,2958.099,13.48413
114,7/12/2010 8:01,2958.081,2958.081,13.48364
115,7/12/2010 9:01,2958.081,2958.081,13.48633
116,7/12/2010 10:01,2958.116,2958.116,13.47901
117,7/12/2010 11:01,2958.081,2958.081,13.469
118,7/12/2010 12:01,2958.107,2958.107,13.46411
119,7/12/2010 13:01,2958.107,2958.107,13.46411
120,7/12/2010 14:01,2958.09,2958.09,13.46216
121,7/12/2010 15:01,2958.116,2958.116,13.45703
122,7/12/2010 16:01,2958.107,2958.107,13.4646
123,7/12/2010 17:01,2958.116,2958.116,13.4646
124,7/12/2010 18:01,2958.116,2958.116,13.46216
125,7/12/2010 19:01,2958.125,2958.125,13.45703
126,7/12/2010 20:01,2958.143,2958.143,13.46411
127,7/12/2010 21:01,2958.143,2958.143,13.4646
128,7/12/2010 22:01,2958.134,2958.134,13.47388
129,7/12/2010 23:01,2958.134,2958.134,13.49121
130,7/13/2010 0:01,2958.143,2958.143,13.49585
131,7/13/2010 1:01,2958.151,2958.151,13.51074
132,7/13/2010 2:01,2958.134,2958.134,13.51538
133,7/13/2010 3:01,2958.125,2958.125,13.52271
134,7/13/2010 4:01,2958.107,2958.107,13.52979
135,7/13/2010 5:01,2958.134,2958.134,13.53467
136,7/13/2010 6:01,2958.116,2958.116,13.5376
137,7/13/2010 7:01,2958.151,2958.151,13.5398
138,7/13/2010 8:01,2958.16,2958.16,13.54199
139,7/13/2010 9:01,2958.151,2958.151,13.54199
140,7/13/2010 10:01,2958.134,2958.134,13.54468
141,7/13/2010 11:01,2958.151,2958.151,13.53467
142,7/13/2010 12:01,2958.169,2958.169,13.52979
143,7/13/2010 13:01,2958.16,2958.16,13.52515
144,7/13/2010 14:01,2958.16,2958.16,13.51782
145,7/13/2010 15:01,2958.195,2958.195,13.51807
146,7/13/2010 16:01,2958.178,2958.178,13.51563
147,7/13/2010 17:01,2958.186,2958.186,13.51319
148,7/13/2010 18:01,2958.178,2958.178,13.5083
149,7/13/2010 19:01,2958.204,2958.204,13.50318
150,7/13/2010 20:01,2958.221,2958.221,13.4961
151,7/13/2010 21:01,2958.23,2958.23,13.48853
152,7/13/2010 22:01,2958.23,2958.23,13.49341
153,7/13/2010 23:01,2958.239,2958.239,13.50098
154,7/14/2010 0:01,2958.247,2958.247,13.50586
155,7/14/2010 1:01,2958.239,2958.239,13.50806
156,7/14/2010 2:01,2958.23,2958.23,13.51294
157,7/14/2010 3:01,2958.256,2958.256,13.52026
158,7/14/2010 4:01,2958.239,2958.239,13.52783
159,7/14/2010 5:01,2958.265,2958.265,13.52979
160,7/14/2010 6:01,2958.247,2958.247,13.54248
161,7/14/2010 7:01,2958.274,2958.274,13.54468
162,7/14/2010 8:01,2958.274,2958.274,13.54444
163,7/14/2010 9:01,2958.274,2958.274,13.54712
164,7/14/2010 10:01,2958.282,2958.282,13.54688
165,7/14/2010 11:01,2958.282,2958.282,13.54981
166,7/14/2010 12:01,2958.318,2958.318,13.54688
167,7/14/2010 13:01,2958.326,2958.326,13.54199
168,7/14/2010 14:01,2958.309,2958.309,13.52954
169,7/14/2010 15:01,2958.353,2958.353,13.53028
170,7/14/2010 16:01,2958.361,2958.361,13.52759
171,7/14/2010 17:01,2958.37,2958.37,13.53028
172,7/14/2010 18:01,2958.405,2958.405,13.52759
173,7/14/2010 19:01,2958.396,2958.396,13.52271
174,7/14/2010 20:01,2958.449,2958.449,13.51294
175,7/14/2010 21:01,2958.44,2958.44,13.50562
176,7/14/2010 22:01,2958.457,2958.457,13.50073
177,7/14/2010 23:01,2958.414,2958.414,13.49805
178,7/15/2010 0:01,2958.457,2958.457,13.50342
179,7/15/2010 1:01,2958.449,2958.449,13.50562
180,7/15/2010 2:01,2958.457,2958.457,13.50806
181,7/15/2010 3:01,2958.466,2958.466,13.5105
182,7/15/2010 4:01,2958.457,2958.457,13.51538
183,7/15/2010 5:01,2958.493,2958.493,13.52051
184,7/15/2010 6:01,2958.475,2958.475,13.52271
185,7/15/2010 7:01,2958.493,2958.493,13.53028
186,7/15/2010 8:01,2958.501,2958.501,13.52979
187,7/15/2010 9:01,2958.493,2958.493,13.53247
188,7/15/2010 10:01,2958.475,2958.475,13.53736
189,7/15/2010 11:01,2958.528,2958.528,13.53028
190,7/15/2010 12:01,2958.519,2958.519,13.52979
191,7/15/2010 13:01,2958.536,2958.536,13.52515
192,7/15/2010 14:01,2958.554,2958.554,13.51807
193,7/15/2010 15:01,2958.562,2958.562,13.51319
194,7/15/2010 16:01,2958.571,2958.571,13.5105
195,7/15/2010 17:01,2958.571,2958.571,13.51294
196,7/15/2010 18:01,2958.589,2958.589,13.51319
197,7/15/2010 19:01,2958.615,2958.615,13.51807
198,7/15/2010 20:01,2958.615,2958.615,13.51563
199,7/15/2010 21:01,2958.641,2958.641,13.50806
200,7/15/2010 22:01,2958.624,2958.624,13.51074
201,7/15/2010 23:01,2958.659,2958.659,13.51319
202,7/16/2010 0:01,2958.659,2958.659,13.51807
203,7/16/2010 1:01,2958.641,2958.641,13.52295
204,7/16/2010 2:01,2958.65,2958.65,13.52759
205,7/16/2010 3:01,2958.624,2958.624,13.5376
206,7/16/2010 4:01,2958.641,2958.641,13.54395
207,7/16/2010 5:01,2958.668,2958.668,13.55689
208,7/16/2010 6:01,2958.65,2958.65,13.56641
209,7/16/2010 7:01,2958.65,2958.65,13.57886
210,7/16/2010 8:01,2958.65,2958.65,13.58618
211,7/16/2010 9:01,2958.633,2958.633,13.58594
212,7/16/2010 10:01,2958.641,2958.641,13.57886
213,7/16/2010 11:01,2958.624,2958.624,13.57129
214,7/16/2010 12:01,2958.641,2958.641,13.56885
215,7/16/2010 13:01,2958.633,2958.633,13.56397
216,7/16/2010 14:01,2958.659,2958.659,13.5542
217,7/16/2010 15:01,2958.659,2958.659,13.5542
218,7/16/2010 16:01,2958.694,2958.694,13.56177
219,7/16/2010 17:01,2958.685,2958.685,13.57886
220,7/16/2010 18:01,2958.711,2958.711,13.58106
221,7/16/2010 19:01,2958.703,2958.703,13.57373
222,7/16/2010 20:01,2958.72,2958.72,13.56909
223,7/16/2010 21:01,2958.738,2958.738,13.55689
224,7/16/2010 22:01,2958.729,2958.729,13.54932
225,7/16/2010 23:01,2958.746,2958.746,13.5542
226,7/17/2010 0:01,2958.72,2958.72,13.56421
227,7/17/2010 1:01,2958.746,2958.746,13.56909
228,7/17/2010 2:01,2958.729,2958.729,13.55469
229,7/17/2010 3:01,2958.72,2958.72,13.55689
230,7/17/2010 4:01,2958.729,2958.729,13.55664
231,7/17/2010 5:01,2958.694,2958.694,13.56421
232,7/17/2010 6:01,2958.755,2958.755,13.56909
233,7/17/2010 7:01,2958.711,2958.711,13.57373
234,7/17/2010 8:01,2958.711,2958.711,13.58374
235,7/17/2010 9:01,2958.729,2958.729,13.58106
236,7/17/2010 10:01,2958.72,2958.72,13.57861
237,7/17/2010 11:01,2958.729,2958.729,13.57617
238,7/17/2010 12:01,2958.738,2958.738,13.57617
239,7/17/2010 13:01,2958.711,2958.711,13.56885
240,7/17/2010 14:01,2958.72,2958.72,13.56177
241,7/17/2010 15:01,2958.755,2958.755,13.55469
242,7/17/2010 16:01,2958.781,2958.781,13.55176
243,7/17/2010 17:01,2958.781,2958.781,13.55908
244,7/17/2010 18:01,2958.773,2958.773,13.56177
245,7/17/2010 19:01,2958.808,2958.808,13.56177
246,7/17/2010 20:01,2958.816,2958.816,13.55689
247,7/17/2010 21:01,2958.816,2958.816,13.54688
248,7/17/2010 22:01,2958.825,2958.825,13.54199
249,7/17/2010 23:01,2958.825,2958.825,13.54712
250,7/18/2010 0:01,2958.816,2958.816,13.54981
251,7/18/2010 1:01,2958.834,2958.834,13.5542
252,7/18/2010 2:01,2958.843,2958.843,13.55933
253,7/18/2010 3:01,2958.816,2958.816,13.5542
254,7/18/2010 4:01,2958.843,2958.843,13.56128
255,7/18/2010 5:01,2958.834,2958.834,13.55835
256,7/18/2010 6:01,2958.834,2958.834,13.57886
257,7/18/2010 7:01,2958.816,2958.816,13.58618
258,7/18/2010 8:01,2958.808,2958.808,13.58569
259,7/18/2010 9:01,2958.781,2958.781,13.60083
260,7/18/2010 10:01,2958.834,2958.834,13.58838
261,7/18/2010 11:01,2958.808,2958.808,13.58106
262,7/18/2010 12:01,2958.816,2958.816,13.57861
263,7/18/2010 13:01,2958.825,2958.825,13.57642
264,7/18/2010 14:01,2958.816,2958.816,13.57129
265,7/18/2010 15:01,2958.816,2958.816,13.56665
266,7/18/2010 16:01,2958.834,2958.834,13.56421
267,7/18/2010 17:01,2958.843,2958.843,13.56665
268,7/18/2010 18:01,2958.834,2958.834,13.57154
269,7/18/2010 19:01,2958.878,2958.878,13.57129
270,7/18/2010 20:01,2958.878,2958.878,13.56641
271,7/18/2010 21:01,2958.86,2958.86,13.56665
272,7/18/2010 22:01,2958.878,2958.878,13.56397
273,7/18/2010 23:01,2958.86,2958.86,13.56641
274,7/19/2010 0:01,2958.851,2958.851,13.56909
275,7/19/2010 1:01,2958.86,2958.86,13.57154
276,7/19/2010 2:01,2958.869,2958.869,13.57642
277,7/19/2010 3:01,2958.886,2958.886,13.57617
278,7/19/2010 4:01,2958.851,2958.851,13.58106
279,7/19/2010 5:01,2958.843,2958.843,13.58862
280,7/19/2010 6:01,2958.843,2958.843,13.58838
281,7/19/2010 7:01,2958.808,2958.808,13.59351
282,7/19/2010 8:01,2958.825,2958.825,13.59326
283,7/19/2010 9:01,2958.781,2958.781,13.59571
284,7/19/2010 10:01,2958.808,2958.808,13.60059
285,7/19/2010 11:01,2958.816,2958.816,13.60059
286,7/19/2010 12:01,2958.799,2958.799,13.59571
287,7/19/2010 13:01,2958.781,2958.781,13.59082
288,7/19/2010 14:01,2958.834,2958.834,13.5835
289,7/19/2010 15:01,2958.86,2958.86,13.57129
290,7/19/2010 16:01,2958.886,2958.886,13.56909
291,7/19/2010 17:01,2958.895,2958.895,13.56641
292,7/19/2010 18:01,2958.913,2958.913,13.56885
293,7/19/2010 19:01,2958.93,2958.93,13.57129
294,7/19/2010 20:01,2958.93,2958.93,13.56885
295,7/19/2010 21:01,2958.922,2958.922,13.56665
296,7/19/2010 22:01,2958.922,2958.922,13.56397
297,7/19/2010 23:01,2958.956,2958.956,13.56885
298,7/20/2010 0:01,2958.93,2958.93,13.57642
299,7/20/2010 1:01,2958.965,2958.965,13.5813
300,7/20/2010 2:01,2958.948,2958.948,13.57861
301,7/20/2010 3:01,2958.965,2958.965,13.58862
302,7/20/2010 4:01,2958.983,2958.983,13.59326
303,7/20/2010 5:01,2958.983,2958.983,13.60059
304,7/20/2010 6:01,2958.992,2958.992,13.60059
305,7/20/2010 7:01,2959.009,2959.009,13.60547
306,7/20/2010 8:01,2958.992,2958.992,13.61035
307,7/20/2010 9:01,2958.983,2958.983,13.61548
308,7/20/2010 10:01,2958.992,2958.992,13.61768
309,7/20/2010 11:01,2959.009,2959.009,13.625
310,7/20/2010 12:01,2959.018,2959.018,13.6228
311,7/20/2010 13:01,2959.044,2959.044,13.62036
312,7/20/2010 14:01,2959.044,2959.044,13.61279
313,7/20/2010 15:01,2959.053,2959.053,13.60816
314,7/20/2010 16:01,2959.088,2959.088,13.60083
315,7/20/2010 17:01,2959.097,2959.097,13.59082
316,7/20/2010 18:01,2959.132,2959.132,13.5835
317,7/20/2010 19:01,2959.149,2959.149,13.58838
318,7/20/2010 20:01,2959.158,2959.158,13.58862
319,7/20/2010 21:01,2959.149,2959.149,13.5835
320,7/20/2010 22:01,2959.184,2959.184,13.58374
321,7/20/2010 23:01,2959.158,2959.158,13.5835
322,7/21/2010 0:01,2959.184,2959.184,13.58594
323,7/21/2010 1:01,2959.184,2959.184,13.59571
324,7/21/2010 2:01,2959.175,2959.175,13.60303
325,7/21/2010 3:01,2959.21,2959.21,13.61304
326,7/21/2010 4:01,2959.21,2959.21,13.61768
327,7/21/2010 5:01,2959.21,2959.21,13.62964
328,7/21/2010 6:01,2959.21,2959.21,13.63721
329,7/21/2010 7:01,2959.184,2959.184,13.64209
330,7/21/2010 8:01,2959.219,2959.219,13.64185
331,7/21/2010 9:01,2959.193,2959.193,13.64429
332,7/21/2010 10:01,2959.201,2959.201,13.64429
333,7/21/2010 11:01,2959.21,2959.21,13.64429
334,7/21/2010 12:01,2959.219,2959.219,13.63965
335,7/21/2010 13:01,2959.228,2959.228,13.62964
336,7/21/2010 14:01,2959.254,2959.254,13.61524
337,7/21/2010 15:01,2959.272,2959.272,13.61524
338,7/21/2010 16:01,2959.272,2959.272,13.61524
339,7/21/2010 17:01,2959.298,2959.298,13.61768
340,7/21/2010 18:01,2959.307,2959.307,13.62036
341,7/21/2010 19:01,2959.333,2959.333,13.62012
342,7/21/2010 20:01,2959.333,2959.333,13.62036
343,7/21/2010 21:01,2959.333,2959.333,13.61548
344,7/21/2010 22:01,2959.342,2959.342,13.60767
345,7/21/2010 23:01,2959.35,2959.35,13.60816
346,7/22/2010 0:01,2959.342,2959.342,13.60816
347,7/22/2010 1:01,2959.359,2959.359,13.60767
348,7/22/2010 2:01,2959.35,2959.35,13.60767
349,7/22/2010 3:01,2959.35,2959.35,13.60767
350,7/22/2010 4:01,2959.368,2959.368,13.61304
351,7/22/2010 5:01,2959.359,2959.359,13.61035
352,7/22/2010 6:01,2959.359,2959.359,13.61304
353,7/22/2010 7:01,2959.324,2959.324,13.61524
354,7/22/2010 8:01,2959.324,2959.324,13.61768
355,7/22/2010 9:01,2959.342,2959.342,13.62232
356,7/22/2010 10:01,2959.368,2959.368,13.62232
357,7/22/2010 11:01,2959.35,2959.35,13.62012
358,7/22/2010 12:01,2959.342,2959.342,13.62036
359,7/22/2010 13:01,2959.35,2959.35,13.61304
360,7/22/2010 14:01,2959.359,2959.359,13.60303
361,7/22/2010 15:01,2959.359,2959.359,13.60327
362,7/22/2010 16:01,2959.342,2959.342,13.60816
363,7/22/2010 17:01,2959.35,2959.35,13.61792
364,7/22/2010 18:01,2959.359,2959.359,13.62036
365,7/22/2010 19:01,2959.342,2959.342,13.6228
366,7/22/2010 20:01,2959.368,2959.368,13.62036
367,7/22/2010 21:01,2959.35,2959.35,13.61304
368,7/22/2010 22:01,2959.342,2959.342,13.61304
369,7/22/2010 23:01,2959.342,2959.342,13.61548
370,7/23/2010 0:01,2959.324,2959.324,13.61792
371,7/23/2010 1:01,2959.359,2959.359,13.62036
372,7/23/2010 2:01,2959.324,2959.324,13.61768
373,7/23/2010 3:01,2959.298,2959.298,13.62232
374,7/23/2010 4:01,2959.324,2959.324,13.62476
375,7/23/2010 5:01,2959.324,2959.324,13.625
376,7/23/2010 6:01,2959.298,2959.298,13.62769
377,7/23/2010 7:01,2959.289,2959.289,13.62769
378,7/23/2010 8:01,2959.28,2959.28,13.62476
379,7/23/2010 9:01,2959.28,2959.28,13.6272
380,7/23/2010 10:01,2959.298,2959.298,13.62964
381,7/23/2010 11:01,2959.289,2959.289,13.6272
382,7/23/2010 12:01,2959.28,2959.28,13.62476
383,7/23/2010 13:01,2959.307,2959.307,13.61548
384,7/23/2010 14:01,2959.315,2959.315,13.60303
385,7/23/2010 15:01,2959.342,2959.342,13.60083
386,7/23/2010 16:01,2959.359,2959.359,13.60059
387,7/23/2010 17:01,2959.386,2959.386,13.60547
388,7/23/2010 18:01,2959.386,2959.386,13.60767
389,7/23/2010 19:01,2959.394,2959.394,13.61524
390,7/23/2010 20:01,2959.394,2959.394,13.61792
391,7/23/2010 21:01,2959.43,2959.43,13.61035
392,7/23/2010 22:01,2959.403,2959.403,13.61304
393,7/23/2010 23:01,2959.403,2959.403,13.6106
394,7/24/2010 0:01,2959.421,2959.421,13.60767
395,7/24/2010 1:01,2959.43,2959.43,13.61304
396,7/24/2010 2:01,2959.43,2959.43,13.61035
397,7/24/2010 3:01,2959.421,2959.421,13.61279
398,7/24/2010 4:01,2959.412,2959.412,13.61792
399,7/24/2010 5:01,2959.421,2959.421,13.61768
400,7/24/2010 6:01,2959.43,2959.43,13.62012
401,7/24/2010 7:01,2959.438,2959.438,13.6228
402,7/24/2010 8:01,2959.412,2959.412,13.62476
403,7/24/2010 9:01,2959.394,2959.394,13.62476
404,7/24/2010 10:01,2959.421,2959.421,13.62476
405,7/24/2010 11:01,2959.421,2959.421,13.62769
406,7/24/2010 12:01,2959.43,2959.43,13.62769
407,7/24/2010 13:01,2959.43,2959.43,13.61524
408,7/24/2010 14:01,2959.456,2959.456,13.60547
409,7/24/2010 15:01,2959.5,2959.5,13.60059
410,7/24/2010 16:01,2959.526,2959.526,13.60327
411,7/24/2010 17:01,2959.543,2959.543,13.60816
412,7/24/2010 18:01,2959.552,2959.552,13.61548
413,7/24/2010 19:01,2959.57,2959.57,13.62769
414,7/24/2010 20:01,2959.587,2959.587,13.6272
415,7/24/2010 21:01,2959.561,2959.561,13.62232
416,7/24/2010 22:01,2959.561,2959.561,13.62036
417,7/24/2010 23:01,2959.57,2959.57,13.61524
418,7/25/2010 0:01,2959.57,2959.57,13.61548
419,7/25/2010 1:01,2959.578,2959.578,13.61792
420,7/25/2010 2:01,2959.57,2959.57,13.61768
421,7/25/2010 3:01,2959.596,2959.596,13.61524
422,7/25/2010 4:01,2959.578,2959.578,13.61792
423,7/25/2010 5:01,2959.587,2959.587,13.62036
424,7/25/2010 6:01,2959.622,2959.622,13.62036
425,7/25/2010 7:01,2959.578,2959.578,13.6228
426,7/25/2010 8:01,2959.605,2959.605,13.62476
427,7/25/2010 9:01,2959.605,2959.605,13.62476
428,7/25/2010 10:01,2959.605,2959.605,13.62964
429,7/25/2010 11:01,2959.605,2959.605,13.62769
430,7/25/2010 12:01,2959.587,2959.587,13.62964
431,7/25/2010 13:01,2959.631,2959.631,13.62036
432,7/25/2010 14:01,2959.631,2959.631,13.60303
433,7/25/2010 15:01,2959.648,2959.648,13.59839
434,7/25/2010 16:01,2959.666,2959.666,13.59815
435,7/25/2010 17:01,2959.701,2959.701,13.61304
436,7/25/2010 18:01,2959.701,2959.701,13.61548
437,7/25/2010 19:01,2959.736,2959.736,13.63233
438,7/25/2010 20:01,2959.762,2959.762,13.63477
439,7/25/2010 21:01,2959.727,2959.727,13.63208
440,7/25/2010 22:01,2959.762,2959.762,13.62989
441,7/25/2010 23:01,2959.745,2959.745,13.62769
442,7/26/2010 0:01,2959.727,2959.727,13.625
443,7/26/2010 1:01,2959.753,2959.753,13.625
444,7/26/2010 2:01,2959.753,2959.753,13.625
445,7/26/2010 3:01,2959.753,2959.753,13.62476
446,7/26/2010 4:01,2959.753,2959.753,13.625
447,7/26/2010 5:01,2959.771,2959.771,13.62476
448,7/26/2010 6:01,2959.771,2959.771,13.62989
449,7/26/2010 7:01,2959.762,2959.762,13.63208
450,7/26/2010 8:01,2959.762,2959.762,13.63721
451,7/26/2010 9:01,2959.806,2959.806,13.63965
452,7/26/2010 10:01,2959.78,2959.78,13.64453
453,7/26/2010 11:01,2959.806,2959.806,13.64966
454,7/26/2010 12:01,2959.789,2959.789,13.64966
455,7/26/2010 13:01,2959.815,2959.815,13.64185
456,7/26/2010 14:01,2959.841,2959.841,13.625
457,7/26/2010 15:01,2959.867,2959.867,13.61304
458,7/26/2010 16:01,2959.894,2959.894,13.6106
459,7/26/2010 17:01,2959.894,2959.894,13.61279
460,7/26/2010 18:01,2959.92,2959.92,13.62012
461,7/26/2010 19:01,2959.929,2959.929,13.63721
462,7/26/2010 20:01,2959.946,2959.946,13.63965
463,7/26/2010 21:01,2959.946,2959.946,13.63208
464,7/26/2010 22:01,2959.937,2959.937,13.62989
465,7/26/2010 23:01,2959.92,2959.92,13.625
466,7/27/2010 0:01,2959.92,2959.92,13.625
467,7/27/2010 1:01,2959.929,2959.929,13.62769
468,7/27/2010 2:01,2959.911,2959.911,13.62989
469,7/27/2010 3:01,2959.929,2959.929,13.62989
470,7/27/2010 4:01,2959.929,2959.929,13.63501
471,7/27/2010 5:01,2959.937,2959.937,13.63501
472,7/27/2010 6:01,2959.894,2959.894,13.63721
473,7/27/2010 7:01,2959.876,2959.876,13.64209
474,7/27/2010 8:01,2959.902,2959.902,13.64429
475,7/27/2010 9:01,2959.867,2959.867,13.65186
476,7/27/2010 10:01,2959.902,2959.902,13.65405
477,7/27/2010 11:01,2959.885,2959.885,13.66162
478,7/27/2010 12:01,2959.885,2959.885,13.66162
479,7/27/2010 13:01,2959.894,2959.894,13.65674
480,7/27/2010 14:01,2959.92,2959.92,13.63208
481,7/27/2010 15:01,2959.92,2959.92,13.62476
482,7/27/2010 16:01,2959.929,2959.929,13.62769
483,7/27/2010 17:01,2959.964,2959.964,13.63501
484,7/27/2010 18:01,2959.955,2959.955,13.64209
485,7/27/2010 19:01,2959.946,2959.946,13.6565
486,7/27/2010 20:01,2959.937,2959.937,13.65674
487,7/27/2010 21:01,2959.955,2959.955,13.65186
488,7/27/2010 22:01,2959.955,2959.955,13.64722
489,7/27/2010 23:01,2959.929,2959.929,13.64722
490,7/28/2010 0:01,2959.92,2959.92,13.64722
491,7/28/2010 1:01,2959.92,2959.92,13.64966
492,7/28/2010 2:01,2959.929,2959.929,13.65186
493,7/28/2010 3:01,2959.894,2959.894,13.64917
494,7/28/2010 4:01,2959.946,2959.946,13.65674
495,7/28/2010 5:01,2959.902,2959.902,13.66162
496,7/28/2010 6:01,2959.911,2959.911,13.66406
497,7/28/2010 7:01,2959.894,2959.894,13.66382
498,7/28/2010 8:01,2959.867,2959.867,13.67139
499,7/28/2010 9:01,2959.876,2959.876,13.67383
500,7/28/2010 10:01,2959.859,2959.859,13.67871
501,7/28/2010 11:01,2959.885,2959.885,13.68115
502,7/28/2010 12:01,2959.876,2959.876,13.67603
503,7/28/2010 13:01,2959.885,2959.885,13.66651
504,7/28/2010 14:01,2959.876,2959.876,13.65161
505,7/28/2010 15:01,2959.876,2959.876,13.64453
506,7/28/2010 16:01,2959.885,2959.885,13.64429
507,7/28/2010 17:01,2959.876,2959.876,13.6543
508,7/28/2010 18:01,2959.859,2959.859,13.65674
509,7/28/2010 19:01,2959.876,2959.876,13.66651
510,7/28/2010 20:01,2959.867,2959.867,13.67139
511,7/28/2010 21:01,2959.85,2959.85,13.66895
512,7/28/2010 22:01,2959.823,2959.823,13.66406
513,7/28/2010 23:01,2959.841,2959.841,13.66162
514,7/29/2010 0:01,2959.797,2959.797,13.66651
515,7/29/2010 1:01,2959.78,2959.78,13.66895
516,7/29/2010 2:01,2959.789,2959.789,13.6687
517,7/29/2010 3:01,2959.753,2959.753,13.67383
518,7/29/2010 4:01,2959.727,2959.727,13.68115
519,7/29/2010 5:01,2959.71,2959.71,13.69092
520,7/29/2010 6:01,2959.719,2959.719,13.70069
521,7/29/2010 7:01,2959.692,2959.692,13.70557
522,7/29/2010 8:01,2959.683,2959.683,13.71045
523,7/29/2010 9:01,2959.675,2959.675,13.7124
524,7/29/2010 10:01,2959.675,2959.675,13.71533
525,7/29/2010 11:01,2959.675,2959.675,13.71021
526,7/29/2010 12:01,2959.675,2959.675,13.70801
527,7/29/2010 13:01,2959.657,2959.657,13.69068
528,7/29/2010 14:01,2959.666,2959.666,13.67359
529,7/29/2010 15:01,2959.692,2959.692,13.66382
530,7/29/2010 16:01,2959.701,2959.701,13.66382
531,7/29/2010 17:01,2959.71,2959.71,13.67139
532,7/29/2010 18:01,2959.71,2959.71,13.67871
533,7/29/2010 19:01,2959.727,2959.727,13.69068
534,7/29/2010 20:01,2959.71,2959.71,13.69336
535,7/29/2010 21:01,2959.719,2959.719,13.68848
536,7/29/2010 22:01,2959.719,2959.719,13.68091
537,7/29/2010 23:01,2959.692,2959.692,13.67871
538,7/30/2010 0:01,2959.701,2959.701,13.67871
539,7/30/2010 1:01,2959.683,2959.683,13.68115
540,7/30/2010 2:01,2959.701,2959.701,13.68115
541,7/30/2010 3:01,2959.675,2959.675,13.67847
542,7/30/2010 4:01,2959.692,2959.692,13.68115
543,7/30/2010 5:01,2959.683,2959.683,13.68091
544,7/30/2010 6:01,2959.666,2959.666,13.68604
545,7/30/2010 7:01,2959.666,2959.666,13.68848
546,7/30/2010 8:01,2959.657,2959.657,13.69336
547,7/30/2010 9:01,2959.64,2959.64,13.69556
548,7/30/2010 10:01,2959.64,2959.64,13.70313
549,7/30/2010 11:01,2959.64,2959.64,13.70313
550,7/30/2010 12:01,2959.631,2959.631,13.698
551,7/30/2010 13:01,2959.657,2959.657,13.69092
552,7/30/2010 14:01,2959.64,2959.64,13.67627
553,7/30/2010 15:01,2959.71,2959.71,13.66895
554,7/30/2010 16:01,2959.675,2959.675,13.66382
555,7/30/2010 17:01,2959.692,2959.692,13.66162
556,7/30/2010 18:01,2959.736,2959.736,13.66651
557,7/30/2010 19:01,2959.719,2959.719,13.68604
558,7/30/2010 20:01,2959.71,2959.71,13.68579
559,7/30/2010 21:01,2959.727,2959.727,13.68848
560,7/30/2010 22:01,2959.719,2959.719,13.68848
561,7/30/2010 23:01,2959.692,2959.692,13.69092
562,7/31/2010 0:01,2959.692,2959.692,13.69336
563,7/31/2010 1:01,2959.666,2959.666,13.6958
564,7/31/2010 2:01,2959.692,2959.692,13.69336
565,7/31/2010 3:01,2959.666,2959.666,13.69068
566,7/31/2010 4:01,2959.675,2959.675,13.69824
567,7/31/2010 5:01,2959.666,2959.666,13.70069
568,7/31/2010 6:01,2959.675,2959.675,13.69824
569,7/31/2010 7:01,2959.657,2959.657,13.698
570,7/31/2010 8:01,2959.64,2959.64,13.70532
571,7/31/2010 9:01,2959.648,2959.648,13.71533
572,7/31/2010 10:01,2959.631,2959.631,13.71753
573,7/31/2010 11:01,2959.631,2959.631,13.71973
574,7/31/2010 12:01,2959.631,2959.631,13.7251
575,7/31/2010 13:01,2959.622,2959.622,13.72241
576,7/31/2010 14:01,2959.64,2959.64,13.71509
577,7/31/2010 15:01,2959.622,2959.622,13.70776
578,7/31/2010 16:01,2959.64,2959.64,13.69556
579,7/31/2010 17:01,2959.666,2959.666,13.68848
580,7/31/2010 18:01,2959.675,2959.675,13.68604
581,7/31/2010 19:01,2959.666,2959.666,13.6958
582,7/31/2010 20:01,2959.683,2959.683,13.6958
583,7/31/2010 21:01,2959.648,2959.648,13.69312
584,7/31/2010 22:01,2959.64,2959.64,13.70069
585,7/31/2010 23:01,2959.657,2959.657,13.70557
586,8/1/2010 0:01,2959.622,2959.622,13.71045
587,8/1/2010 1:01,2959.657,2959.657,13.7124
588,8/1/2010 2:01,2959.622,2959.622,13.71753
589,8/1/2010 3:01,2959.64,2959.64,13.72217
590,8/1/2010 4:01,2959.622,2959.622,13.73194
591,8/1/2010 5:01,2959.622,2959.622,13.73731
592,8/1/2010 6:01,2959.64,2959.64,13.74194
593,8/1/2010 7:01,2959.605,2959.605,13.74439
594,8/1/2010 8:01,2959.605,2959.605,13.74927
595,8/1/2010 9:01,2959.605,2959.605,13.74903
596,8/1/2010 10:01,2959.596,2959.596,13.75171
597,8/1/2010 11:01,2959.596,2959.596,13.74658
598,8/1/2010 12:01,2959.596,2959.596,13.74194
599,8/1/2010 13:01,2959.613,2959.613,13.72998
600,8/1/2010 14:01,2959.605,2959.605,13.71533
601,8/1/2010 15:01,2959.605,2959.605,13.70801
602,8/1/2010 16:01,2959.622,2959.622,13.70313
603,8/1/2010 17:01,2959.613,2959.613,13.70557
604,8/1/2010 18:01,2959.622,2959.622,13.70776
605,8/1/2010 19:01,2959.648,2959.648,13.71753
606,8/1/2010 20:01,2959.631,2959.631,13.71509
607,8/1/2010 21:01,2959.657,2959.657,13.71289
608,8/1/2010 22:01,2959.64,2959.64,13.71021
609,8/1/2010 23:01,2959.613,2959.613,13.71533
610,8/2/2010 0:01,2959.613,2959.613,13.71533
611,8/2/2010 1:01,2959.64,2959.64,13.72022
612,8/2/2010 2:01,2959.613,2959.613,13.71753
613,8/2/2010 3:01,2959.622,2959.622,13.71778
614,8/2/2010 4:01,2959.613,2959.613,13.7124
615,8/2/2010 5:01,2959.622,2959.622,13.71509
616,8/2/2010 6:01,2959.605,2959.605,13.71753
617,8/2/2010 7:01,2959.596,2959.596,13.73218
618,8/2/2010 8:01,2959.613,2959.613,13.73438
619,8/2/2010 9:01,2959.596,2959.596,13.74439
620,8/2/2010 10:01,2959.587,2959.587,13.74439
621,8/2/2010 11:01,2959.596,2959.596,13.74927
622,8/2/2010 12:01,2959.587,2959.587,13.74439
623,8/2/2010 13:01,2959.578,2959.578,13.73438
624,8/2/2010 14:01,2959.587,2959.587,13.7273
625,8/2/2010 15:01,2959.605,2959.605,13.71778
626,8/2/2010 16:01,2959.631,2959.631,13.71021
627,8/2/2010 17:01,2959.605,2959.605,13.71289
628,8/2/2010 18:01,2959.64,2959.64,13.71509
629,8/2/2010 19:01,2959.631,2959.631,13.72998
630,8/2/2010 20:01,2959.648,2959.648,13.72998
631,8/2/2010 21:01,2959.657,2959.657,13.72461
632,8/2/2010 22:01,2959.631,2959.631,13.7273
633,8/2/2010 23:01,2959.613,2959.613,13.7273
634,8/3/2010 0:01,2959.613,2959.613,13.73218
635,8/3/2010 1:01,2959.613,2959.613,13.73731
636,8/3/2010 2:01,2959.605,2959.605,13.73438
637,8/3/2010 3:01,2959.622,2959.622,13.73462
638,8/3/2010 4:01,2959.605,2959.605,13.72949
639,8/3/2010 5:01,2959.587,2959.587,13.73731
640,8/3/2010 6:01,2959.57,2959.57,13.74439
641,8/3/2010 7:01,2959.57,2959.57,13.74414
642,8/3/2010 8:01,2959.57,2959.57,13.74658
643,8/3/2010 9:01,2959.543,2959.543,13.75171
644,8/3/2010 10:01,2959.561,2959.561,13.75659
645,8/3/2010 11:01,2959.543,2959.543,13.75879
646,8/3/2010 12:01,2959.543,2959.543,13.75879
647,8/3/2010 13:01,2959.552,2959.552,13.75391
648,8/3/2010 14:01,2959.561,2959.561,13.74683
649,8/3/2010 15:01,2959.57,2959.57,13.7395
650,8/3/2010 16:01,2959.605,2959.605,13.72949
651,8/3/2010 17:01,2959.605,2959.605,13.72461
652,8/3/2010 18:01,2959.631,2959.631,13.7273
653,8/3/2010 19:01,2959.648,2959.648,13.73731
654,8/3/2010 20:01,2959.622,2959.622,13.7395
655,8/3/2010 21:01,2959.64,2959.64,13.7395
656,8/3/2010 22:01,2959.631,2959.631,13.74194
657,8/3/2010 23:01,2959.613,2959.613,13.74439
658,8/4/2010 0:01,2959.587,2959.587,13.74927
659,8/4/2010 1:01,2959.587,2959.587,13.7544
660,8/4/2010 2:01,2959.622,2959.622,13.7544
661,8/4/2010 3:01,2959.613,2959.613,13.75391
662,8/4/2010 4:01,2959.605,2959.605,13.75904
663,8/4/2010 5:01,2959.613,2959.613,13.76392
664,8/4/2010 6:01,2959.622,2959.622,13.76392
665,8/4/2010 7:01,2959.596,2959.596,13.76636
666,8/4/2010 8:01,2959.622,2959.622,13.76611
